{"lr-Adam": 3.6e-05, "trainer/global_step": 999, "_timestamp": 1673926038.6687758, "_runtime": 577.768899679184, "_step": 71, "train_loss": 0.4148936867713928, "train_acc": 0.8697247505187988, "epoch": 17, "loss/val/fold-0": 0.4706641435623169, "acc/val/fold-0": 0.8527383208274841, "f1macro/val/fold-0": 0.8658778667449951, "val_loss": 0.4706641435623169, "val_acc": 0.8527383208274841, "val_f1macro": 0.8658778667449951, "loss/train/fold-0": 0.26611143350601196, "acc/train/fold-0": 0.9157836437225342}