{"lr-Adam": 4.2e-05, "trainer/global_step": 1120, "_timestamp": 1673926107.966166, "_runtime": 647.0662899017334, "_step": 82, "train_loss": 0.12933602929115295, "train_acc": 0.9720534682273865, "epoch": 19, "loss/val/fold-0": 0.20199032127857208, "acc/val/fold-0": 0.9227854013442993, "f1macro/val/fold-0": 0.9116519689559937, "val_loss": 0.20199032127857208, "val_acc": 0.9227854013442993, "val_f1macro": 0.9116519689559937, "loss/train/fold-0": 0.21147483587265015, "acc/train/fold-0": 0.9347295761108398}