{"lr-Adam": 4e-05, "trainer/global_step": 1099, "_timestamp": 1673926094.851907, "_runtime": 633.9520308971405, "_step": 79, "train_loss": 0.12933602929115295, "train_acc": 0.9720534682273865, "epoch": 19, "loss/val/fold-0": 0.2642136514186859, "acc/val/fold-0": 0.9034814238548279, "f1macro/val/fold-0": 0.8874543905258179, "val_loss": 0.2642136514186859, "val_acc": 0.9034814238548279, "val_f1macro": 0.8874543905258179, "loss/train/fold-0": 0.22847501933574677, "acc/train/fold-0": 0.9272628426551819}