{"lr-Adam": 6.0000000000000015e-05, "trainer/global_step": 1649, "_timestamp": 1673926374.9890175, "_runtime": 914.089141368866, "_step": 120, "train_loss": 0.11047155410051346, "train_acc": 0.9620081782341003, "epoch": 29, "loss/val/fold-0": 0.33047595620155334, "acc/val/fold-0": 0.8980774879455566, "f1macro/val/fold-0": 0.8962675333023071, "val_loss": 0.33047595620155334, "val_acc": 0.8980774879455566, "val_f1macro": 0.8962675333023071, "loss/train/fold-0": 0.15954554080963135, "acc/train/fold-0": 0.9448922276496887}