{"lr-Adam": 1e-05, "trainer/global_step": 279, "_timestamp": 1673925106.956656, "_runtime": 171.47361087799072, "_step": 20, "train_loss": 1.6620604991912842, "train_acc": 0.626440703868866, "epoch": 4, "loss/val/fold-0": 1.1115802526474, "acc/val/fold-0": 0.6065680384635925, "f1macro/val/fold-0": 0.5215373635292053, "val_loss": 1.1115802526474, "val_acc": 0.6065680384635925, "val_f1macro": 0.5215373635292053, "loss/train/fold-0": 1.931260347366333, "acc/train/fold-0": 0.4595417380332947, "hold-0_acc": 0.6065680384635925, "fold-0_f1macro": 0.5215373635292053, "_wandb": {"runtime": 171}}